{
  "X": [
    [
      3.025965612626953,
      -0.1479411283791446,
      2.085808917009568
    ],
    [
      4.111509051038306,
      -0.5700236953277802,
      3.2510898232258634
    ],
    [
      1.9553427749704766,
      -0.88042466094711,
      1.8635306803216551
    ],
    [
      4.30078920292095,
      -0.7205245345938911,
      1.3008013059065486
    ],
    [
      1.9953207789287788,
      0.09907482800656954,
      2.4884814342374257
    ]
  ],
  "PDF_X": [
    0.016465283871640965,
    0.01138375935542945,
    0.008211495849393319,
    0.004222581080189499,
    0.011864518280127757
  ],
  "CDF_X": [
    0.12047587166019498,
    0.16384973478636494,
    0.04855760237396379,
    0.09151115464051553,
    0.09401610670235327
  ],
  "U": [
    [
      -0.4870171936865236,
      -0.28668504399824696,
      -0.08986321232177366
    ],
    [
      0.055754525519153,
      -0.9543142490024937,
      1.0001909203421706
    ],
    [
      -1.0223286125147617,
      -0.5777013105219816,
      0.27829592101094075
    ],
    [
      0.150394601460475,
      -1.14090838517506,
      -0.5386695180483584
    ],
    [
      -1.0023396105356106,
      0.20889401748269112,
      0.4397950450808005
    ]
  ],
  "Jac_X2U": [
    [
      [
        0.5,
        0.0,
        0.0
      ],
      [
        -0.3009949323097988,
        0.7705414344930659,
        0.0
      ],
      [
        -0.2137594631861474,
        -0.34776137486265246,
        0.7928257921637595
      ]
    ],
    [
      [
        0.5,
        0.0,
        0.0
      ],
      [
        -0.3009949323097988,
        0.8465011660432824,
        0.0
      ],
      [
        -0.2137594631861474,
        -0.3820435814976274,
        1.1031194035822787
      ]
    ],
    [
      [
        0.5,
        0.0,
        0.0
      ],
      [
        -0.3009949323097988,
        0.9096301457776695,
        0.0
      ],
      [
        -0.2137594631861474,
        -0.41053500298821893,
        0.5889767379351566
      ]
    ],
    [
      [
        0.5,
        0.0,
        0.0
      ],
      [
        -0.3009949323097988,
        0.8762883923366858,
        0.0
      ],
      [
        -0.2137594631861474,
        -0.3954871762291085,
        0.3402555807987317
      ]
    ],
    [
      [
        0.5,
        0.0,
        0.0
      ],
      [
        -0.3009949323097988,
        0.7307967301287212,
        0.0
      ],
      [
        -0.2137594631861474,
        -0.32982376318529033,
        0.9514675114173686
      ]
    ]
  ],
  "X_backtransform": [
    [
      3.025965612626953,
      -0.1479411283791446,
      2.085808917009568
    ],
    [
      4.111509051038306,
      -0.5700236953277806,
      3.2510898232258634
    ],
    [
      1.9553427749704766,
      -0.8804246609471097,
      1.8635306803216551
    ],
    [
      4.30078920292095,
      -0.7205245345938911,
      1.3023700673602687
    ],
    [
      1.9953207789287788,
      0.09907482800656954,
      2.4884814342374257
    ]
  ],
  "Jac_U2X": [
    [
      [
        2.0,
        0.0,
        0.0
      ],
      [
        0.7812556699376494,
        1.2977887433891124,
        0.0
      ],
      [
        0.8819206932720869,
        0.5692559477038944,
        1.2613111352884043
      ]
    ],
    [
      [
        2.0,
        0.0,
        0.0
      ],
      [
        0.7111506620048973,
        1.1813332811745583,
        0.0
      ],
      [
        0.6338474964708588,
        0.40913141063120545,
        0.9065201797308543
      ]
    ],
    [
      [
        2.0,
        0.0,
        0.0
      ],
      [
        0.661796299753169,
        1.0993479104027168,
        0.0
      ],
      [
        1.1871597420304805,
        0.7662794956291804,
        1.6978599248347481
      ]
    ],
    [
      [
        2.0,
        0.0,
        0.0
      ],
      [
        0.6869768787126671,
        1.1411768188934104,
        0.0
      ],
      [
        2.0501725471973056,
        1.3233309131020108,
        2.932129252402924
      ]
    ],
    [
      [
        2.0,
        0.0,
        0.0
      ],
      [
        0.8237446061281147,
        1.3683695599238135,
        0.0
      ],
      [
        0.7348747738401136,
        0.47434178494434837,
        1.0510080354822986
      ]
    ]
  ]
}