{
  "X": [
    [
      6.977218105339025,
      0.9732628525876535,
      0.3591787683061078
    ],
    [
      5.3520217428047845,
      3.7135617712658116,
      0.18414570906134756
    ],
    [
      3.1630972610465626,
      1.3139030579180195,
      0.23471028406506514
    ],
    [
      2.3869583738487785,
      0.12019563228071498,
      0.11501446520823952
    ],
    [
      5.11175166303885,
      1.9830423542185187,
      0.03937255048171687
    ]
  ],
  "PDF_X": [
    0.01963182657028302,
    0.023092469324967786,
    0.06542688646071067,
    0.1417746451556268,
    0.039686808641793345
  ],
  "CDF_X": [
    0.49331567821180905,
    0.45490620984028135,
    0.24802590618118772,
    0.10723594161107541,
    0.13321729317463143
  ],
  "U": [
    [
      1.4886090526695128,
      -0.7055042864486906,
      0.12420684468272528
    ],
    [
      0.6760108714023922,
      1.1308582620473209,
      -0.8379534606573886
    ],
    [
      -0.4184513694767187,
      0.6450018365640063,
      0.4090157047338422
    ],
    [
      -0.8065208130756109,
      0.10641374255169789,
      0.1027512185454858
    ],
    [
      0.5558758315194253,
      0.4221548295421788,
      -1.907722390727247
    ]
  ],
  "Jac_X2U": [
    [
      [
        0.5000000000000003,
        0.0,
        0.0
      ],
      [
        -0.30099493230979896,
        0.6134596703603118,
        0.0
      ],
      [
        -0.2417633478585087,
        -0.23116363167067822,
        3.945440404315267
      ]
    ],
    [
      [
        0.5,
        0.0,
        0.0
      ],
      [
        -0.3009949323097988,
        0.39902988313360477,
        0.0
      ],
      [
        -0.24176334785850856,
        -0.15036228359740922,
        6.168351280971483
      ]
    ],
    [
      [
        0.5,
        0.0,
        0.0
      ],
      [
        -0.3009949323097988,
        0.5760114237856858,
        0.0
      ],
      [
        -0.24176334785850856,
        -0.217052398127314,
        5.227744645351608
      ]
    ],
    [
      [
        0.5000000000000001,
        0.0,
        0.0
      ],
      [
        -0.30099493230979885,
        0.7275470148274924,
        0.0
      ],
      [
        -0.2417633478585086,
        -0.2741539799346598,
        8.590884581682458
      ]
    ],
    [
      [
        0.5000000000000001,
        0.0,
        0.0
      ],
      [
        -0.30099493230979885,
        0.5132093702353292,
        0.0
      ],
      [
        -0.2417633478585086,
        -0.19338735301269377,
        19.17498232981851
      ]
    ]
  ],
  "X_backtransform": [
    [
      6.977218105339025,
      0.9732628525876535,
      0.3591787683061078
    ],
    [
      5.3520217428047845,
      3.7135617712658116,
      0.18414570906134756
    ],
    [
      3.1630972610465626,
      1.3139030579180195,
      0.23471028406506514
    ],
    [
      2.386958373848778,
      0.12019563228071461,
      0.11501446520823952
    ],
    [
      5.11175166303885,
      1.9830423542185187,
      0.03937255048171688
    ]
  ],
  "Jac_U2X": [
    [
      [
        1.9999999999999987,
        0.0,
        0.0
      ],
      [
        0.9813030810420226,
        1.6300990078331572,
        0.0
      ],
      [
        0.18004790515232774,
        0.09550761588524846,
        0.25345712962899264
      ]
    ],
    [
      [
        2.0,
        0.0,
        0.0
      ],
      [
        1.508633538651632,
        2.5060779712710786,
        0.0
      ],
      [
        0.11516339575077471,
        0.061089193768182226,
        0.16211787468798391
      ]
    ],
    [
      [
        2.0,
        0.0,
        0.0
      ],
      [
        1.0451005653033323,
        1.7360766795695808,
        0.0
      ],
      [
        0.13588427283493282,
        0.07208072164896986,
        0.19128707843241297
      ]
    ],
    [
      [
        2.0,
        0.0,
        0.0
      ],
      [
        0.8274240047048155,
        1.3744816205961734,
        0.0
      ],
      [
        0.08268860708651227,
        0.04386272485105193,
        0.11640244848967088
      ]
    ],
    [
      [
        1.9999999999999998,
        0.0,
        0.0
      ],
      [
        1.1729907899841316,
        1.9485224900345364,
        0.0
      ],
      [
        0.03704661978205019,
        0.01965162732105885,
        0.052151286650466776
      ]
    ]
  ]
}