{
  "X": [
    [
      5.977218105339025,
      2.1779828542052373,
      16.26669223863896,
      -3.71319349909857,
      0.00333943455613572,
      -10.328980841163624,
      11.300013912071323
    ],
    [
      4.3520217428047845,
      9.523433048189286,
      42.77028077055064,
      -44.52120818410575,
      0.00035546292511441023,
      -135.59304996672122,
      -3.2632409008667373
    ],
    [
      2.1630972610465626,
      7.580007346256025,
      20.21432453886692,
      -18.538099949642167,
      0.0018188414158072385,
      -51.37837114896129,
      2.5689805016211325
    ],
    [
      1.3869583738487785,
      5.425654970206792,
      10.730660031633528,
      -11.196963711209207,
      0.01578691852219563,
      -31.737949725237723,
      -0.23928018374746124
    ],
    [
      4.11175166303885,
      6.688619318168716,
      26.686496823459507,
      -21.32591772146938,
      0.0018676750332280185,
      -61.98975908129914,
      6.365497549130794
    ]
  ],
  "U": [
    [
      1.4886090526695128,
      -0.7055042864486907,
      0.12420684468272482,
      1.100224304735884,
      0.21137845498952795,
      0.20264991403302174,
      -1.2501453929129323
    ],
    [
      0.6760108714023922,
      1.130858262047321,
      -0.8379534606573885,
      -1.4023250610937157,
      -0.05940824363876798,
      -0.50735635360099,
      -1.5119580243865118
    ],
    [
      -0.4184513694767187,
      0.6450018365640062,
      0.40901570473384297,
      -0.2250812668433822,
      0.04466892979713132,
      1.0589821749913013,
      0.8945747538121877
    ],
    [
      -0.8065208130756109,
      0.10641374255169787,
      0.10275121854548627,
      -1.336205965779418,
      0.9272384719353212,
      0.46323535209747474,
      0.24281041435041353
    ],
    [
      0.5558758315194253,
      0.42215482954217903,
      -1.907722390727248,
      0.30372151367437167,
      0.6195562982336424,
      0.49699852077725026,
      1.0067861221738956
    ]
  ],
  "X_backtransform": [
    [
      5.977218105339025,
      2.1779828542052373,
      16.26669223863896,
      -3.713193499098568,
      0.00333943455613572,
      -10.328980841163617,
      11.300013912071323
    ],
    [
      4.3520217428047845,
      9.523433048189283,
      42.77028077055063,
      -44.52120818410574,
      0.00035546292511441044,
      -135.59304996672117,
      -3.2632409008667373
    ],
    [
      2.1630972610465626,
      7.580007346256025,
      20.21432453886692,
      -18.538099949642167,
      0.0018188414158072385,
      -51.37837114896129,
      2.5689805016211325
    ],
    [
      1.386958373848778,
      5.425654970206791,
      10.730660031633525,
      -11.196963711209204,
      0.01578691852219564,
      -31.73794972523771,
      -0.23928018374746132
    ],
    [
      4.11175166303885,
      6.688619318168716,
      26.686496823459507,
      -21.32591772146938,
      0.0018676750332280185,
      -61.98975908129914,
      6.365497549130794
    ]
  ],
  "pdf": [
    7.201569119954089e-05,
    0.0004275156797408104,
    0.001437544386972998,
    0.00022497534295380843,
    0.00018691855516827043
  ]
}